Contig,accession
contig_1363,PF00162.14
contig_39,PF00276.15
contig_39,PF00281.14
contig_39,PF00297.17
contig_440,PF00347.18
contig_39,PF00366.15
contig_440,PF00410.14
contig_77,PF00411.14
contig_77,PF00416.17
contig_145,PF00466.15
contig_39,PF00573.17
contig_323,PF00750.14
contig_670,PF01025.14
contig_431,PF01795.14
contig_664,TIGR00001
contig_222,TIGR00002
contig_39,TIGR00012
contig_716,TIGR00029
contig_1227,TIGR00043
contig_77,TIGR00059
contig_440,TIGR00060
contig_348,TIGR00064
contig_723,TIGR00082
contig_4615,TIGR00152
contig_681,TIGR00158
contig_681,TIGR00165
contig_681,TIGR00166
contig_664,TIGR00168
contig_1658,TIGR00234
contig_222,TIGR00337
contig_348,TIGR00344
contig_681,TIGR00408
contig_683,TIGR00418
contig_670,TIGR00420
contig_632,TIGR00435
contig_683,TIGR00436
contig_323,TIGR00436
contig_1594,TIGR00442
contig_1461,TIGR00459
contig_664,TIGR00468
contig_664,TIGR00472
contig_723,TIGR00487
contig_1461,TIGR00575
contig_1461,TIGR00663
contig_145,TIGR00855
contig_145,TIGR00922
contig_683,TIGR00952
contig_681,TIGR00959
contig_145,TIGR00964
contig_440,TIGR00967
contig_145,TIGR00981
contig_39,TIGR01009
contig_77,TIGR01017
contig_440,TIGR01021
contig_145,TIGR01029
contig_2099,TIGR01030
contig_664,TIGR01032
contig_39,TIGR01044
contig_39,TIGR01049
contig_39,TIGR01050
contig_420,TIGR01063
contig_39,TIGR01067
contig_440,TIGR01071
contig_39,TIGR01079
contig_39,TIGR01164
contig_145,TIGR01169
contig_39,TIGR01171
contig_145,TIGR01632
contig_723,TIGR01953
contig_145,TIGR02013
contig_77,TIGR02027
contig_670,TIGR02350
contig_145,TIGR02386
contig_744,TIGR02397
contig_250,TIGR02432
contig_323,TIGR03594
contig_1919,PF00380.14
contig_466,TIGR00009
contig_346,TIGR00019
contig_724,TIGR00061
contig_724,TIGR00062
contig_1919,TIGR00116
contig_1531,TIGR00362
contig_1752,TIGR00388
contig_346,TIGR00396
contig_2876,TIGR00414
contig_845,TIGR00422
contig_1455,TIGR00460
contig_2140,TIGR00496
contig_640,TIGR00963
contig_1919,TIGR01011
contig_1919,TIGR01066
contig_1117,TIGR01391
contig_1571,TIGR01393
contig_38,TIGR02012
contig_337,TIGR02191
contig_628,TIGR03263
contig_13305,PF00162.14
contig_1754,PF00162.14
contig_9790,PF00162.14
contig_4123,PF00162.14
contig_21489,PF00162.14
contig_8721,PF00162.14
contig_24602,PF00162.14
contig_3472,PF00162.14
contig_15809,PF00162.14
contig_1371,PF00162.14
contig_6044,PF00162.14
contig_14486,PF00162.14
contig_24222,PF00162.14
contig_1131,PF00162.14
contig_8480,PF00162.14
contig_25741,PF00162.14
contig_2915,PF00162.14
contig_923,PF00162.14
contig_4176,PF00162.14
contig_16724,PF00162.14
contig_29041,PF00162.14
contig_21064,PF00162.14
contig_7387,PF00162.14
contig_27800,PF00162.14
contig_2359,PF00162.14
contig_3245,PF00162.14
contig_16977,PF00162.14
contig_24499,PF00162.14
contig_27285,PF00162.14
contig_23934,PF00162.14
contig_14518,PF00162.14
contig_11996,PF00162.14
contig_23603,PF00162.14
contig_7278,PF00162.14
contig_17061,PF00162.14
contig_188,PF00162.14
contig_369,PF00162.14
contig_28746,PF00162.14
contig_23328,PF00162.14
contig_16647,PF00162.14
contig_14335,PF00162.14
contig_3729,PF00162.14
contig_23906,PF00162.14
contig_30104,PF00162.14
contig_14895,PF00162.14
contig_22578,PF00162.14
contig_8199,PF00162.14
contig_261,PF00276.15
contig_10934,PF00276.15
contig_16446,PF00276.15
contig_10008,PF00276.15
contig_334,PF00276.15
contig_3270,PF00276.15
contig_7636,PF00276.15
contig_5270,PF00276.15
contig_399,PF00276.15
contig_13308,PF00276.15
contig_4111,PF00276.15
contig_28591,PF00276.15
contig_27036,PF00276.15
contig_749,PF00276.15
contig_15468,PF00276.15
contig_6180,PF00276.15
contig_4361,PF00276.15
contig_157,PF00276.15
contig_1843,PF00276.15
contig_4872,PF00276.15
contig_18843,PF00276.15
contig_13613,PF00276.15
contig_36,PF00276.15
contig_2485,PF00276.15
contig_8192,PF00276.15
contig_26406,PF00276.15
contig_21714,PF00276.15
contig_7701,PF00276.15
contig_21479,PF00276.15
contig_23017,PF00276.15
contig_17473,PF00276.15
contig_23235,PF00276.15
contig_10164,PF00276.15
contig_10304,PF00281.14
contig_15149,PF00281.14
contig_20907,PF00281.14
contig_25288,PF00281.14
contig_6430,PF00281.14
contig_261,PF00281.14
contig_399,PF00281.14
contig_6358,PF00281.14
contig_1078,PF00281.14
contig_28716,PF00281.14
contig_31008,PF00281.14
contig_334,PF00281.14
contig_7450,PF00281.14
contig_23944,PF00281.14
contig_14774,PF00281.14
contig_21479,PF00281.14
contig_16280,PF00281.14
contig_17865,PF00281.14
contig_21714,PF00281.14
contig_36,PF00281.14
contig_18834,PF00281.14
contig_10156,PF00281.14
contig_11038,PF00281.14
contig_157,PF00281.14
contig_22127,PF00281.14
contig_9065,PF00281.14
contig_18997,PF00281.14
contig_7701,PF00281.14
contig_6581,PF00281.14
contig_7443,PF00281.14
contig_4111,PF00281.14
contig_18843,PF00281.14
contig_25525,PF00281.14
contig_19406,PF00281.14
contig_19656,PF00281.14
contig_10164,PF00297.17
contig_261,PF00297.17
contig_7810,PF00297.17
contig_5270,PF00297.17
contig_334,PF00297.17
contig_25597,PF00297.17
contig_4765,PF00297.17
contig_10008,PF00297.17
contig_20239,PF00297.17
contig_16446,PF00297.17
contig_399,PF00297.17
contig_9529,PF00297.17
contig_21714,PF00297.17
contig_7701,PF00297.17
contig_24919,PF00297.17
contig_30118,PF00297.17
contig_18843,PF00297.17
contig_7636,PF00297.17
contig_3270,PF00297.17
contig_36,PF00297.17
contig_157,PF00297.17
contig_29848,PF00297.17
contig_4872,PF00297.17
contig_12732,PF00297.17
contig_1843,PF00297.17
contig_8893,PF00297.17
contig_22324,PF00297.17
contig_22325,PF00297.17
contig_15308,PF00297.17
contig_8192,PF00297.17
contig_23235,PF00297.17
contig_17473,PF00297.17
contig_18759,PF00297.17
contig_13308,PF00297.17
contig_4792,PF00297.17
contig_28757,PF00297.17
contig_261,PF00347.18
contig_7685,PF00347.18
contig_10542,PF00347.18
contig_18998,PF00347.18
contig_19406,PF00347.18
contig_8644,PF00347.18
contig_7443,PF00347.18
contig_18789,PF00347.18
contig_157,PF00347.18
contig_9055,PF00347.18
contig_18565,PF00347.18
contig_4885,PF00347.18
contig_6430,PF00347.18
contig_7701,PF00347.18
contig_19131,PF00347.18
contig_21714,PF00347.18
contig_7031,PF00347.18
contig_334,PF00347.18
contig_36,PF00347.18
contig_1078,PF00347.18
contig_18834,PF00347.18
contig_18843,PF00347.18
contig_25139,PF00347.18
contig_6581,PF00347.18
contig_19291,PF00347.18
contig_14774,PF00347.18
contig_28787,PF00347.18
contig_24404,PF00347.18
contig_21479,PF00347.18
contig_399,PF00347.18
contig_23944,PF00347.18
contig_30637,PF00347.18
contig_3366,PF00347.18
contig_1960,PF00347.18
contig_17508,PF00347.18
contig_25778,PF00347.18
contig_25525,PF00347.18
contig_6608,PF00366.15
contig_13557,PF00366.15
contig_26110,PF00366.15
contig_21714,PF00366.15
contig_17865,PF00366.15
contig_18843,PF00366.15
contig_7701,PF00366.15
contig_157,PF00366.15
contig_261,PF00366.15
contig_4111,PF00366.15
contig_4872,PF00366.15
contig_17294,PF00366.15
contig_19656,PF00366.15
contig_7636,PF00366.15
contig_36,PF00366.15
contig_6581,PF00366.15
contig_7450,PF00366.15
contig_6358,PF00366.15
contig_9701,PF00366.15
contig_399,PF00366.15
contig_1078,PF00366.15
contig_334,PF00366.15
contig_21479,PF00366.15
contig_4196,PF00366.15
contig_28716,PF00366.15
contig_25288,PF00366.15
contig_13308,PF00366.15
contig_18834,PF00366.15
contig_261,PF00380.14
contig_7062,PF00380.14
contig_11953,PF00380.14
contig_16367,PF00380.14
contig_10180,PF00380.14
contig_2859,PF00380.14
contig_2731,PF00380.14
contig_3597,PF00380.14
contig_399,PF00380.14
contig_12072,PF00380.14
contig_28768,PF00380.14
contig_21581,PF00380.14
contig_4282,PF00380.14
contig_1204,PF00380.14
contig_3874,PF00380.14
contig_11097,PF00380.14
contig_21489,PF00380.14
contig_334,PF00380.14
contig_5740,PF00380.14
contig_3806,PF00380.14
contig_1804,PF00380.14
contig_12713,PF00380.14
contig_20246,PF00380.14
contig_20598,PF00380.14
contig_26729,PF00380.14
contig_2670,PF00380.14
contig_10971,PF00380.14
contig_17933,PF00380.14
contig_20746,PF00380.14
contig_27698,PF00380.14
contig_3560,PF00380.14
contig_4120,PF00380.14
contig_27212,PF00380.14
contig_6358,PF00410.14
contig_21714,PF00410.14
contig_25778,PF00410.14
contig_4885,PF00410.14
contig_9055,PF00410.14
contig_261,PF00410.14
contig_23944,PF00410.14
contig_1078,PF00410.14
contig_7685,PF00410.14
contig_334,PF00410.14
contig_7443,PF00410.14
contig_6581,PF00410.14
contig_6430,PF00410.14
contig_10542,PF00410.14
contig_18843,PF00410.14
contig_157,PF00410.14
contig_19406,PF00410.14
contig_21479,PF00410.14
contig_14774,PF00410.14
contig_18998,PF00410.14
contig_36,PF00410.14
contig_7031,PF00410.14
contig_18834,PF00410.14
contig_3366,PF00410.14
contig_7701,PF00410.14
contig_9065,PF00410.14
contig_25525,PF00410.14
contig_399,PF00410.14
contig_1960,PF00410.14
contig_19131,PF00410.14
contig_31008,PF00410.14
contig_18565,PF00410.14
contig_4111,PF00410.14
contig_22127,PF00410.14
contig_10304,PF00410.14
contig_28716,PF00410.14
contig_10156,PF00410.14
contig_11038,PF00410.14
contig_19291,PF00410.14
contig_24404,PF00410.14
contig_12334,PF00411.14
contig_21714,PF00411.14
contig_12007,PF00411.14
contig_11485,PF00411.14
contig_7214,PF00411.14
contig_6430,PF00411.14
contig_8979,PF00411.14
contig_14081,PF00411.14
contig_11237,PF00411.14
contig_4675,PF00411.14
contig_334,PF00411.14
contig_13282,PF00411.14
contig_22154,PF00411.14
contig_16347,PF00411.14
contig_29178,PF00411.14
contig_13304,PF00411.14
contig_261,PF00411.14
contig_1078,PF00411.14
contig_9676,PF00411.14
contig_19399,PF00411.14
contig_12500,PF00411.14
contig_23944,PF00411.14
contig_18843,PF00411.14
contig_399,PF00411.14
contig_157,PF00411.14
contig_4208,PF00411.14
contig_30257,PF00411.14
contig_7701,PF00411.14
contig_1960,PF00411.14
contig_7031,PF00411.14
contig_22951,PF00411.14
contig_10039,PF00411.14
contig_3827,PF00411.14
contig_36,PF00411.14
contig_1078,PF00416.17
contig_19399,PF00416.17
contig_157,PF00416.17
contig_6430,PF00416.17
contig_13282,PF00416.17
contig_261,PF00416.17
contig_14081,PF00416.17
contig_8979,PF00416.17
contig_334,PF00416.17
contig_4675,PF00416.17
contig_399,PF00416.17
contig_1960,PF00416.17
contig_21714,PF00416.17
contig_12334,PF00416.17
contig_585,PF00416.17
contig_12007,PF00416.17
contig_9676,PF00416.17
contig_7214,PF00416.17
contig_36,PF00416.17
contig_23944,PF00416.17
contig_11485,PF00416.17
contig_24436,PF00416.17
contig_7031,PF00416.17
contig_7701,PF00416.17
contig_7443,PF00416.17
contig_4208,PF00416.17
contig_3827,PF00416.17
contig_18843,PF00416.17
contig_22545,PF00416.17
contig_12500,PF00416.17
contig_11237,PF00416.17
contig_16347,PF00416.17
contig_22154,PF00416.17
contig_22951,PF00416.17
contig_10383,PF00416.17
contig_30059,PF00416.17
contig_3770,PF00466.15
contig_5798,PF00466.15
contig_7968,PF00466.15
contig_9525,PF00466.15
contig_23110,PF00466.15
contig_6765,PF00466.15
contig_19175,PF00466.15
contig_11490,PF00466.15
contig_11555,PF00466.15
contig_23769,PF00466.15
contig_1364,PF00466.15
contig_928,PF00466.15
contig_676,PF00466.15
contig_12655,PF00466.15
contig_7377,PF00466.15
contig_18420,PF00466.15
contig_18898,PF00466.15
contig_6018,PF00466.15
contig_3493,PF00466.15
contig_6823,PF00466.15
contig_13,PF00466.15
contig_2668,PF00466.15
contig_29777,PF00466.15
contig_13852,PF00466.15
contig_7701,PF00466.15
contig_3329,PF00466.15
contig_16609,PF00466.15
contig_18651,PF00466.15
contig_19307,PF00466.15
contig_16446,PF00573.17
contig_261,PF00573.17
contig_4765,PF00573.17
contig_9529,PF00573.17
contig_21714,PF00573.17
contig_10008,PF00573.17
contig_5270,PF00573.17
contig_334,PF00573.17
contig_13308,PF00573.17
contig_157,PF00573.17
contig_18843,PF00573.17
contig_36,PF00573.17
contig_4872,PF00573.17
contig_1843,PF00573.17
contig_17473,PF00573.17
contig_7701,PF00573.17
contig_22325,PF00573.17
contig_23235,PF00573.17
contig_7636,PF00573.17
contig_8192,PF00573.17
contig_6180,PF00573.17
contig_3270,PF00573.17
contig_399,PF00573.17
contig_25597,PF00573.17
contig_20239,PF00573.17
contig_21479,PF00573.17
contig_15308,PF00573.17
contig_4111,PF00573.17
contig_10164,PF00573.17
contig_15468,PF00573.17
contig_7810,PF00573.17
contig_749,PF00573.17
contig_13613,PF00573.17
contig_30118,PF00573.17
contig_27036,PF00573.17
contig_8893,PF00573.17
contig_10934,PF00573.17
contig_24919,PF00573.17
contig_2485,PF00573.17
contig_24852,PF00750.14
contig_10151,PF00750.14
contig_2350,PF00750.14
contig_17863,PF00750.14
contig_4805,PF00750.14
contig_5105,PF00750.14
contig_22202,PF00750.14
contig_15603,PF00750.14
contig_24536,PF00750.14
contig_9136,PF00750.14
contig_17395,PF00750.14
contig_447,PF00750.14
contig_2383,PF00750.14
contig_2050,PF00750.14
contig_8583,PF00750.14
contig_18157,PF00750.14
contig_28890,PF00750.14
contig_2770,PF00750.14
contig_22243,PF00750.14
contig_16155,PF00750.14
contig_15620,PF00750.14
contig_118,PF00750.14
contig_6820,PF00750.14
contig_7701,PF00750.14
contig_29820,PF00750.14
contig_18364,PF00750.14
contig_18601,PF00750.14
contig_23397,PF00750.14
contig_18314,PF00750.14
contig_2358,PF00750.14
contig_638,PF00750.14
contig_20990,PF00750.14
contig_2997,PF00750.14
contig_21322,PF00750.14
contig_30153,PF00750.14
contig_3336,PF00750.14
contig_12246,PF00750.14
contig_27953,PF00750.14
contig_26968,PF00750.14
contig_27678,PF00750.14
contig_442,PF00750.14
contig_22025,PF00750.14
contig_30259,PF00750.14
contig_8584,PF00750.14
contig_457,PF00750.14
contig_15017,PF00750.14
contig_1021,PF00750.14
contig_10809,PF00750.14
contig_18055,PF00750.14
contig_18357,PF00750.14
contig_30311,PF00750.14
contig_17550,PF00750.14
contig_5407,PF00750.14
contig_10035,PF00750.14
contig_26934,PF00750.14
contig_22411,PF01025.14
contig_645,PF01025.14
contig_447,PF01025.14
contig_21440,PF01025.14
contig_1097,PF01025.14
contig_31120,PF01025.14
contig_27013,PF01025.14
contig_28675,PF01025.14
contig_25684,PF01025.14
contig_13602,PF01025.14
contig_235,PF01025.14
contig_5796,PF01025.14
contig_22573,PF01025.14
contig_7844,PF01025.14
contig_8173,PF01025.14
contig_15995,PF01025.14
contig_18859,PF01025.14
contig_16002,PF01025.14
contig_7516,PF01025.14
contig_11662,PF01025.14
contig_11506,PF01025.14
contig_9692,PF01025.14
contig_13358,PF01025.14
contig_11284,PF01025.14
contig_9817,PF01025.14
contig_21900,PF01025.14
contig_6401,PF01025.14
contig_5199,PF01025.14
contig_13022,PF01025.14
contig_16207,PF01025.14
contig_336,PF01025.14
contig_14,PF01025.14
contig_23242,PF01025.14
contig_10732,PF01025.14
contig_15,PF01025.14
contig_29149,PF01025.14
contig_7139,PF01025.14
contig_6142,PF01025.14
contig_25719,PF01025.14
contig_17871,PF01025.14
contig_1322,PF01025.14
contig_6071,PF01025.14
contig_21880,PF01025.14
contig_181,PF01025.14
contig_43,PF01025.14
contig_1742,PF01795.14
contig_23293,PF01795.14
contig_11475,PF01795.14
contig_447,PF01795.14
contig_19917,PF01795.14
contig_7170,PF01795.14
contig_137,PF01795.14
contig_24409,PF01795.14
contig_15725,PF01795.14
contig_22023,PF01795.14
contig_5923,PF01795.14
contig_3635,PF01795.14
contig_4178,PF01795.14
contig_20983,PF01795.14
contig_5715,PF01795.14
contig_19809,PF01795.14
contig_26298,PF01795.14
contig_1258,PF01795.14
contig_23345,PF01795.14
contig_4560,PF01795.14
contig_25323,PF01795.14
contig_3075,PF01795.14
contig_18314,PF01795.14
contig_20104,PF01795.14
contig_7199,PF01795.14
contig_9282,PF01795.14
contig_12851,PF01795.14
contig_15858,PF01795.14
contig_15445,PF01795.14
contig_19777,PF01795.14
contig_5547,PF01795.14
contig_15508,PF01795.14
contig_21,PF01795.14
contig_4126,PF01795.14
contig_29965,PF01795.14
contig_20501,PF01795.14
contig_20872,PF01795.14
contig_18117,TIGR00001
contig_17237,TIGR00001
contig_24786,TIGR00001
contig_923,TIGR00001
contig_153,TIGR00001
contig_373,TIGR00001
contig_31433,TIGR00001
contig_23084,TIGR00001
contig_2222,TIGR00001
contig_21073,TIGR00001
contig_447,TIGR00001
contig_5458,TIGR00001
contig_8473,TIGR00001
contig_11662,TIGR00001
contig_2155,TIGR00001
contig_3216,TIGR00001
contig_8778,TIGR00001
contig_22904,TIGR00001
contig_17980,TIGR00001
contig_15298,TIGR00001
contig_15711,TIGR00001
contig_4662,TIGR00001
contig_20363,TIGR00001
contig_12717,TIGR00001
contig_25987,TIGR00001
contig_4618,TIGR00002
contig_4619,TIGR00002
contig_22409,TIGR00002
contig_20180,TIGR00002
contig_2180,TIGR00002
contig_1265,TIGR00002
contig_16114,TIGR00002
contig_23840,TIGR00002
contig_820,TIGR00002
contig_5393,TIGR00002
contig_15768,TIGR00002
contig_3068,TIGR00002
contig_12138,TIGR00002
contig_3295,TIGR00002
contig_935,TIGR00002
contig_29544,TIGR00002
contig_26890,TIGR00002
contig_12930,TIGR00002
contig_3785,TIGR00002
contig_4154,TIGR00002
contig_21505,TIGR00002
contig_19660,TIGR00002
contig_16360,TIGR00002
contig_6465,TIGR00002
contig_12359,TIGR00002
contig_7745,TIGR00002
contig_25933,TIGR00002
contig_5101,TIGR00002
contig_6466,TIGR00002
contig_2222,TIGR00009
contig_19462,TIGR00009
contig_13987,TIGR00009
contig_19846,TIGR00009
contig_15900,TIGR00009
contig_1792,TIGR00009
contig_25059,TIGR00009
contig_3301,TIGR00009
contig_34,TIGR00009
contig_47,TIGR00009
contig_21767,TIGR00009
contig_725,TIGR00009
contig_13535,TIGR00009
contig_4243,TIGR00009
contig_261,TIGR00012
contig_8715,TIGR00012
contig_10934,TIGR00012
contig_6608,TIGR00012
contig_7636,TIGR00012
contig_6358,TIGR00012
contig_21714,TIGR00012
contig_334,TIGR00012
contig_19656,TIGR00012
contig_27259,TIGR00012
contig_13308,TIGR00012
contig_25288,TIGR00012
contig_1078,TIGR00012
contig_9701,TIGR00012
contig_7450,TIGR00012
contig_4111,TIGR00012
contig_399,TIGR00012
contig_4196,TIGR00012
contig_21479,TIGR00012
contig_17294,TIGR00012
contig_13557,TIGR00012
contig_28354,TIGR00012
contig_18843,TIGR00012
contig_26110,TIGR00012
contig_157,TIGR00012
contig_6581,TIGR00012
contig_17865,TIGR00012
contig_7701,TIGR00012
contig_4872,TIGR00012
contig_36,TIGR00012
contig_10164,TIGR00012
contig_355,TIGR00019
contig_21478,TIGR00019
contig_1108,TIGR00019
contig_26769,TIGR00019
contig_1087,TIGR00019
contig_12825,TIGR00019
contig_12330,TIGR00019
contig_61,TIGR00019
contig_360,TIGR00019
contig_979,TIGR00019
contig_23368,TIGR00019
contig_2349,TIGR00019
contig_18982,TIGR00019
contig_25742,TIGR00019
contig_22168,TIGR00019
contig_7360,TIGR00019
contig_17527,TIGR00019
contig_14690,TIGR00019
contig_18232,TIGR00019
contig_3831,TIGR00019
contig_18304,TIGR00019
contig_1021,TIGR00029
contig_3614,TIGR00029
contig_6988,TIGR00029
contig_23382,TIGR00029
contig_457,TIGR00029
contig_13542,TIGR00029
contig_2963,TIGR00029
contig_24170,TIGR00029
contig_21489,TIGR00029
contig_19521,TIGR00029
contig_8838,TIGR00029
contig_5715,TIGR00029
contig_3364,TIGR00029
contig_17831,TIGR00029
contig_369,TIGR00029
contig_2904,TIGR00029
contig_1131,TIGR00029
contig_15447,TIGR00029
contig_271,TIGR00029
contig_18694,TIGR00043
contig_13343,TIGR00043
contig_22315,TIGR00043
contig_645,TIGR00043
contig_6067,TIGR00043
contig_21560,TIGR00043
contig_1673,TIGR00043
contig_14990,TIGR00043
contig_25655,TIGR00043
contig_7410,TIGR00043
contig_13717,TIGR00043
contig_1381,TIGR00043
contig_10747,TIGR00043
contig_10454,TIGR00043
contig_15643,TIGR00043
contig_26735,TIGR00043
contig_22042,TIGR00043
contig_16910,TIGR00043
contig_5715,TIGR00043
contig_1201,TIGR00043
contig_26033,TIGR00043
contig_574,TIGR00043
contig_20325,TIGR00043
contig_15310,TIGR00043
contig_16058,TIGR00043
contig_23112,TIGR00043
contig_630,TIGR00043
contig_10799,TIGR00043
contig_20499,TIGR00043
contig_5233,TIGR00043
contig_61,TIGR00043
contig_7697,TIGR00043
contig_3266,TIGR00043
contig_21714,TIGR00059
contig_24489,TIGR00059
contig_16708,TIGR00059
contig_261,TIGR00059
contig_23944,TIGR00059
contig_22154,TIGR00059
contig_17638,TIGR00059
contig_1078,TIGR00059
contig_14562,TIGR00059
contig_399,TIGR00059
contig_334,TIGR00059
contig_6512,TIGR00059
contig_7701,TIGR00059
contig_9707,TIGR00059
contig_13459,TIGR00059
contig_7439,TIGR00059
contig_4208,TIGR00059
contig_14960,TIGR00059
contig_18843,TIGR00059
contig_787,TIGR00059
contig_157,TIGR00059
contig_9676,TIGR00059
contig_8350,TIGR00059
contig_15560,TIGR00059
contig_14288,TIGR00059
contig_16197,TIGR00059
contig_7031,TIGR00059
contig_20746,TIGR00059
contig_24642,TIGR00059
contig_6430,TIGR00059
contig_15496,TIGR00059
contig_19406,TIGR00060
contig_24132,TIGR00060
contig_261,TIGR00060
contig_8644,TIGR00060
contig_28787,TIGR00060
contig_6430,TIGR00060
contig_1078,TIGR00060
contig_21714,TIGR00060
contig_19291,TIGR00060
contig_9055,TIGR00060
contig_7685,TIGR00060
contig_4885,TIGR00060
contig_19131,TIGR00060
contig_3366,TIGR00060
contig_30637,TIGR00060
contig_334,TIGR00060
contig_157,TIGR00060
contig_7443,TIGR00060
contig_6581,TIGR00060
contig_7701,TIGR00060
contig_14774,TIGR00060
contig_18843,TIGR00060
contig_18998,TIGR00060
contig_18565,TIGR00060
contig_399,TIGR00060
contig_21479,TIGR00060
contig_36,TIGR00060
contig_24404,TIGR00060
contig_23944,TIGR00060
contig_18789,TIGR00060
contig_1960,TIGR00060
contig_25139,TIGR00060
contig_10542,TIGR00060
contig_19446,TIGR00060
contig_7031,TIGR00060
contig_15213,TIGR00061
contig_7354,TIGR00061
contig_1477,TIGR00061
contig_9679,TIGR00061
contig_8230,TIGR00061
contig_1059,TIGR00061
contig_11560,TIGR00061
contig_23501,TIGR00061
contig_21653,TIGR00061
contig_14335,TIGR00061
contig_19750,TIGR00061
contig_2257,TIGR00061
contig_28237,TIGR00061
contig_29048,TIGR00061
contig_25575,TIGR00061
contig_20380,TIGR00061
contig_3049,TIGR00061
contig_2115,TIGR00061
contig_7526,TIGR00061
contig_1090,TIGR00061
contig_10931,TIGR00061
contig_14690,TIGR00061
contig_19796,TIGR00061
contig_5216,TIGR00061
contig_22243,TIGR00061
contig_17782,TIGR00061
contig_15620,TIGR00061
contig_356,TIGR00061
contig_11297,TIGR00061
contig_27576,TIGR00061
contig_10950,TIGR00061
contig_458,TIGR00061
contig_1789,TIGR00061
contig_1772,TIGR00061
contig_19449,TIGR00061
contig_21653,TIGR00062
contig_19750,TIGR00062
contig_2257,TIGR00062
contig_10950,TIGR00062
contig_6849,TIGR00062
contig_1477,TIGR00062
contig_7354,TIGR00062
contig_15620,TIGR00062
contig_14335,TIGR00062
contig_14690,TIGR00062
contig_3049,TIGR00062
contig_15213,TIGR00062
contig_11560,TIGR00062
contig_9679,TIGR00062
contig_458,TIGR00062
contig_1059,TIGR00062
contig_25575,TIGR00062
contig_23501,TIGR00062
contig_8230,TIGR00062
contig_1090,TIGR00062
contig_20380,TIGR00062
contig_5216,TIGR00062
contig_28237,TIGR00062
contig_2115,TIGR00062
contig_19449,TIGR00062
contig_7526,TIGR00062
contig_10931,TIGR00062
contig_26294,TIGR00062
contig_356,TIGR00062
contig_19796,TIGR00062
contig_29048,TIGR00062
contig_22176,TIGR00064
contig_5608,TIGR00064
contig_21767,TIGR00064
contig_17177,TIGR00064
contig_27802,TIGR00064
contig_14857,TIGR00064
contig_27114,TIGR00064
contig_19462,TIGR00064
contig_13987,TIGR00064
contig_2180,TIGR00064
contig_7782,TIGR00064
contig_15900,TIGR00064
contig_3678,TIGR00064
contig_447,TIGR00064
contig_11085,TIGR00064
contig_4492,TIGR00064
contig_15437,TIGR00064
contig_5094,TIGR00064
contig_25371,TIGR00064
contig_8292,TIGR00064
contig_1021,TIGR00064
contig_19726,TIGR00064
contig_28119,TIGR00064
contig_22552,TIGR00064
contig_1857,TIGR00064
contig_3785,TIGR00064
contig_3448,TIGR00064
contig_20643,TIGR00064
contig_5125,TIGR00082
contig_2512,TIGR00082
contig_5317,TIGR00082
contig_10978,TIGR00082
contig_1484,TIGR00082
contig_3757,TIGR00082
contig_7060,TIGR00082
contig_14610,TIGR00082
contig_14135,TIGR00082
contig_23712,TIGR00082
contig_6352,TIGR00082
contig_22050,TIGR00082
contig_14336,TIGR00082
contig_1159,TIGR00082
contig_24057,TIGR00082
contig_61,TIGR00082
contig_9536,TIGR00082
contig_351,TIGR00082
contig_15703,TIGR00082
contig_20805,TIGR00082
contig_16342,TIGR00082
contig_6386,TIGR00082
contig_553,TIGR00082
contig_18314,TIGR00082
contig_271,TIGR00082
contig_2220,TIGR00082
contig_7701,TIGR00082
contig_8890,TIGR00082
contig_9279,TIGR00082
contig_2156,TIGR00086
contig_30878,TIGR00086
contig_6079,TIGR00086
contig_9532,TIGR00086
contig_11662,TIGR00086
contig_961,TIGR00086
contig_24933,TIGR00086
contig_29066,TIGR00086
contig_22174,TIGR00086
contig_1214,TIGR00086
contig_4123,TIGR00086
contig_1334,TIGR00086
contig_7673,TIGR00086
contig_5987,TIGR00086
contig_9209,TIGR00086
contig_18685,TIGR00086
contig_18280,TIGR00086
contig_534,TIGR00086
contig_4176,TIGR00086
contig_11784,TIGR00086
contig_12921,TIGR00086
contig_21755,TIGR00092
contig_953,TIGR00092
contig_118,TIGR00092
contig_17186,TIGR00092
contig_20403,TIGR00092
contig_27874,TIGR00092
contig_23196,TIGR00092
contig_21947,TIGR00092
contig_630,TIGR00092
contig_191,TIGR00092
contig_6211,TIGR00092
contig_16856,TIGR00092
contig_18843,TIGR00092
contig_2248,TIGR00092
contig_3675,TIGR00092
contig_2941,TIGR00092
contig_1045,TIGR00092
contig_29459,TIGR00092
contig_126,TIGR00092
contig_1637,TIGR00092
contig_3816,TIGR00092
contig_24826,TIGR00092
contig_6670,TIGR00092
contig_27936,TIGR00092
contig_525,TIGR00092
contig_11039,TIGR00092
contig_5117,TIGR00092
contig_9924,TIGR00115
contig_17484,TIGR00115
contig_22092,TIGR00115
contig_1460,TIGR00115
contig_7670,TIGR00115
contig_20200,TIGR00115
contig_5227,TIGR00115
contig_2187,TIGR00115
contig_20272,TIGR00115
contig_6292,TIGR00115
contig_7719,TIGR00115
contig_19268,TIGR00115
contig_22995,TIGR00115
contig_28377,TIGR00115
contig_19588,TIGR00115
contig_25200,TIGR00115
contig_8973,TIGR00115
contig_6583,TIGR00115
contig_21442,TIGR00115
contig_5216,TIGR00115
contig_157,TIGR00115
contig_956,TIGR00115
contig_7190,TIGR00115
contig_1438,TIGR00115
contig_12460,TIGR00115
contig_18867,TIGR00115
contig_1641,TIGR00115
contig_19270,TIGR00115
contig_19982,TIGR00115
contig_21555,TIGR00116
contig_780,TIGR00116
contig_23976,TIGR00116
contig_2731,TIGR00116
contig_5740,TIGR00116
contig_3597,TIGR00116
contig_12713,TIGR00116
contig_12977,TIGR00116
contig_13600,TIGR00116
contig_21590,TIGR00116
contig_14566,TIGR00116
contig_15869,TIGR00116
contig_1204,TIGR00116
contig_26972,TIGR00116
contig_4635,TIGR00116
contig_2301,TIGR00116
contig_7334,TIGR00116
contig_19529,TIGR00116
contig_4282,TIGR00116
contig_1697,TIGR00116
contig_399,TIGR00116
contig_3874,TIGR00116
contig_19265,TIGR00116
contig_17306,TIGR00116
contig_12204,TIGR00116
contig_19922,TIGR00116
contig_471,TIGR00116
contig_4701,TIGR00116
contig_29135,TIGR00116
contig_1330,TIGR00152
contig_21478,TIGR00152
contig_14366,TIGR00152
contig_1610,TIGR00152
contig_25919,TIGR00152
contig_7773,TIGR00152
contig_7171,TIGR00152
contig_7453,TIGR00152
contig_6411,TIGR00152
contig_87,TIGR00152
contig_9287,TIGR00152
contig_549,TIGR00152
contig_14908,TIGR00152
contig_9782,TIGR00152
contig_20006,TIGR00152
contig_8217,TIGR00152
contig_2162,TIGR00152
contig_1131,TIGR00152
contig_3110,TIGR00152
contig_24418,TIGR00152
contig_30500,TIGR00152
contig_13933,TIGR00152
contig_19505,TIGR00152
contig_11778,TIGR00152
contig_9561,TIGR00158
contig_1402,TIGR00158
contig_3675,TIGR00158
contig_6527,TIGR00158
contig_22530,TIGR00158
contig_2738,TIGR00158
contig_21194,TIGR00158
contig_1045,TIGR00158
contig_2770,TIGR00158
contig_23178,TIGR00158
contig_6545,TIGR00158
contig_18902,TIGR00158
contig_1528,TIGR00158
contig_12656,TIGR00158
contig_4257,TIGR00158
contig_3517,TIGR00158
contig_1879,TIGR00158
contig_3125,TIGR00158
contig_18117,TIGR00158
contig_820,TIGR00158
contig_22787,TIGR00158
contig_11291,TIGR00158
contig_21312,TIGR00158
contig_11448,TIGR00158
contig_4154,TIGR00158
contig_11684,TIGR00158
contig_28385,TIGR00158
contig_20186,TIGR00158
contig_1402,TIGR00165
contig_2770,TIGR00165
contig_1528,TIGR00165
contig_18854,TIGR00165
contig_4154,TIGR00165
contig_1879,TIGR00165
contig_18117,TIGR00165
contig_3517,TIGR00165
contig_11448,TIGR00165
contig_6527,TIGR00165
contig_21635,TIGR00165
contig_3125,TIGR00165
contig_1045,TIGR00165
contig_4257,TIGR00165
contig_20186,TIGR00165
contig_2032,TIGR00165
contig_3675,TIGR00165
contig_22787,TIGR00165
contig_2738,TIGR00165
contig_820,TIGR00165
contig_28619,TIGR00165
contig_21194,TIGR00165
contig_25242,TIGR00165
contig_18902,TIGR00165
contig_16317,TIGR00165
contig_3305,TIGR00165
contig_1045,TIGR00166
contig_3675,TIGR00166
contig_2941,TIGR00166
contig_1879,TIGR00166
contig_20186,TIGR00166
contig_28619,TIGR00166
contig_2738,TIGR00166
contig_2770,TIGR00166
contig_6527,TIGR00166
contig_3125,TIGR00166
contig_2032,TIGR00166
contig_11448,TIGR00166
contig_4257,TIGR00166
contig_16317,TIGR00166
contig_4154,TIGR00166
contig_18117,TIGR00166
contig_21635,TIGR00166
contig_820,TIGR00166
contig_22787,TIGR00166
contig_20990,TIGR00166
contig_21194,TIGR00166
contig_5298,TIGR00166
contig_29071,TIGR00166
contig_21449,TIGR00166
contig_3305,TIGR00166
contig_15298,TIGR00168
contig_22904,TIGR00168
contig_373,TIGR00168
contig_24786,TIGR00168
contig_8473,TIGR00168
contig_2155,TIGR00168
contig_8778,TIGR00168
contig_447,TIGR00168
contig_22874,TIGR00168
contig_3216,TIGR00168
contig_25563,TIGR00168
contig_20363,TIGR00168
contig_4662,TIGR00168
contig_153,TIGR00168
contig_5458,TIGR00168
contig_21073,TIGR00168
contig_25987,TIGR00168
contig_11662,TIGR00168
contig_7357,TIGR00168
contig_18117,TIGR00168
contig_11088,TIGR00168
contig_923,TIGR00168
contig_31433,TIGR00168
contig_17980,TIGR00168
contig_17237,TIGR00168
contig_26133,TIGR00168
contig_21816,TIGR00234
contig_12653,TIGR00234
contig_18843,TIGR00234
contig_2220,TIGR00234
contig_3196,TIGR00234
contig_5458,TIGR00234
contig_16991,TIGR00234
contig_3088,TIGR00234
contig_793,TIGR00234
contig_2539,TIGR00234
contig_11504,TIGR00234
contig_11529,TIGR00234
contig_11680,TIGR00234
contig_16293,TIGR00234
contig_25352,TIGR00234
contig_6292,TIGR00234
contig_12822,TIGR00234
contig_1792,TIGR00234
contig_49,TIGR00234
contig_3103,TIGR00234
contig_10616,TIGR00234
contig_11222,TIGR00234
contig_11358,TIGR00234
contig_23737,TIGR00234
contig_26691,TIGR00234
contig_15391,TIGR00234
contig_18208,TIGR00234
contig_18811,TIGR00234
contig_5328,TIGR00234
contig_10693,TIGR00234
contig_14671,TIGR00234
contig_23666,TIGR00234
contig_16685,TIGR00234
contig_21586,TIGR00337
contig_2383,TIGR00337
contig_5105,TIGR00337
contig_2713,TIGR00337
contig_21471,TIGR00337
contig_4805,TIGR00337
contig_10510,TIGR00337
contig_14670,TIGR00337
contig_447,TIGR00337
contig_8582,TIGR00337
contig_16992,TIGR00337
contig_22391,TIGR00337
contig_22286,TIGR00337
contig_67,TIGR00337
contig_2168,TIGR00337
contig_2531,TIGR00337
contig_20124,TIGR00337
contig_5675,TIGR00337
contig_1621,TIGR00337
contig_9057,TIGR00337
contig_12572,TIGR00337
contig_3637,TIGR00337
contig_14781,TIGR00337
contig_9136,TIGR00337
contig_17597,TIGR00337
contig_25333,TIGR00337
contig_22785,TIGR00337
contig_7875,TIGR00337
contig_27016,TIGR00337
contig_21856,TIGR00337
contig_21437,TIGR00337
contig_1552,TIGR00344
contig_22416,TIGR00344
contig_447,TIGR00344
contig_2723,TIGR00344
contig_19301,TIGR00344
contig_674,TIGR00344
contig_5780,TIGR00344
contig_6533,TIGR00344
contig_13937,TIGR00344
contig_12487,TIGR00344
contig_14690,TIGR00344
contig_1121,TIGR00344
contig_18024,TIGR00344
contig_6844,TIGR00344
contig_6300,TIGR00344
contig_1066,TIGR00344
contig_7096,TIGR00344
contig_27336,TIGR00344
contig_2263,TIGR00344
contig_23137,TIGR00344
contig_899,TIGR00344
contig_20391,TIGR00344
contig_24571,TIGR00344
contig_8925,TIGR00344
contig_6158,TIGR00344
contig_9626,TIGR00344
contig_11693,TIGR00344
contig_254,TIGR00362
contig_2813,TIGR00362
contig_5020,TIGR00362
contig_7376,TIGR00362
contig_4975,TIGR00362
contig_13609,TIGR00362
contig_20569,TIGR00362
contig_6160,TIGR00362
contig_21487,TIGR00362
contig_1104,TIGR00362
contig_22910,TIGR00362
contig_11925,TIGR00362
contig_3125,TIGR00362
contig_4857,TIGR00362
contig_175,TIGR00362
contig_11448,TIGR00362
contig_12113,TIGR00362
contig_134,TIGR00362
contig_1139,TIGR00362
contig_21316,TIGR00362
contig_19471,TIGR00362
contig_18701,TIGR00362
contig_26993,TIGR00362
contig_17175,TIGR00362
contig_4193,TIGR00362
contig_18492,TIGR00362
contig_27656,TIGR00362
contig_24764,TIGR00362
contig_135,TIGR00362
contig_21006,TIGR00362
contig_25322,TIGR00362
contig_253,TIGR00388
contig_10454,TIGR00388
contig_1381,TIGR00388
contig_2081,TIGR00388
contig_931,TIGR00388
contig_962,TIGR00388
contig_1792,TIGR00388
contig_415,TIGR00388
contig_1587,TIGR00388
contig_4508,TIGR00388
contig_6833,TIGR00389
contig_24193,TIGR00389
contig_16167,TIGR00389
contig_2316,TIGR00389
contig_11527,TIGR00389
contig_849,TIGR00389
contig_31,TIGR00389
contig_4293,TIGR00389
contig_574,TIGR00389
contig_19740,TIGR00389
contig_30373,TIGR00389
contig_17987,TIGR00389
contig_21552,TIGR00389
contig_16542,TIGR00389
contig_8151,TIGR00389
contig_17959,TIGR00389
contig_20233,TIGR00389
contig_30072,TIGR00389
contig_27595,TIGR00389
contig_11044,TIGR00389
contig_25789,TIGR00389
contig_5100,TIGR00392
contig_484,TIGR00392
contig_796,TIGR00392
contig_1693,TIGR00392
contig_9393,TIGR00392
contig_4793,TIGR00392
contig_22335,TIGR00392
contig_18627,TIGR00392
contig_9255,TIGR00392
contig_5563,TIGR00392
contig_22287,TIGR00392
contig_19818,TIGR00392
contig_2197,TIGR00392
contig_399,TIGR00392
contig_47,TIGR00392
contig_9507,TIGR00392
contig_18560,TIGR00392
contig_7733,TIGR00392
contig_3966,TIGR00392
contig_14568,TIGR00392
contig_15886,TIGR00392
contig_14711,TIGR00392
contig_21295,TIGR00392
contig_9187,TIGR00392
contig_11053,TIGR00392
contig_21688,TIGR00396
contig_457,TIGR00396
contig_1021,TIGR00396
contig_2579,TIGR00396
contig_19227,TIGR00396
contig_8765,TIGR00396
contig_18357,TIGR00396
contig_5421,TIGR00396
contig_9628,TIGR00396
contig_61,TIGR00396
contig_624,TIGR00396
contig_2390,TIGR00396
contig_22591,TIGR00396
contig_7195,TIGR00396
contig_1466,TIGR00396
contig_144,TIGR00396
contig_2273,TIGR00396
contig_18704,TIGR00396
contig_18314,TIGR00396
contig_17186,TIGR00396
contig_20448,TIGR00396
contig_18234,TIGR00396
contig_29026,TIGR00396
contig_26415,TIGR00396
contig_5203,TIGR00396
contig_24958,TIGR00396
contig_18328,TIGR00396
contig_20969,TIGR00396
contig_10035,TIGR00396
contig_24726,TIGR00396
contig_28718,TIGR00396
contig_5407,TIGR00396
contig_4411,TIGR00396
contig_7265,TIGR00396
contig_17968,TIGR00396
contig_25841,TIGR00396
contig_13815,TIGR00408
contig_22208,TIGR00408
contig_16503,TIGR00408
contig_6822,TIGR00408
contig_23149,TIGR00408
contig_9916,TIGR00408
contig_15068,TIGR00408
contig_6084,TIGR00408
contig_3956,TIGR00408
contig_945,TIGR00408
contig_3598,TIGR00408
contig_2779,TIGR00408
contig_20532,TIGR00408
contig_18780,TIGR00408
contig_1499,TIGR00408
contig_820,TIGR00408
contig_9467,TIGR00408
contig_29,TIGR00408
contig_21035,TIGR00408
contig_780,TIGR00409
contig_6580,TIGR00409
contig_2301,TIGR00409
contig_28811,TIGR00409
contig_1697,TIGR00409
contig_19448,TIGR00409
contig_2631,TIGR00409
contig_20741,TIGR00409
contig_6750,TIGR00409
contig_9245,TIGR00409
contig_4886,TIGR00409
contig_21771,TIGR00414
contig_15240,TIGR00414
contig_674,TIGR00414
contig_20571,TIGR00414
contig_4914,TIGR00414
contig_1099,TIGR00414
contig_3082,TIGR00414
contig_2098,TIGR00414
contig_2031,TIGR00414
contig_399,TIGR00414
contig_2685,TIGR00414
contig_23368,TIGR00414
contig_525,TIGR00414
contig_2115,TIGR00414
contig_20380,TIGR00414
contig_22529,TIGR00414
contig_5216,TIGR00414
contig_2412,TIGR00414
contig_14690,TIGR00414
contig_15981,TIGR00414
contig_11610,TIGR00414
contig_8344,TIGR00414
contig_19449,TIGR00414
contig_3429,TIGR00414
contig_24985,TIGR00414
contig_28230,TIGR00414
contig_18569,TIGR00414
contig_25960,TIGR00414
contig_16973,TIGR00414
contig_15363,TIGR00414
contig_2913,TIGR00414
contig_2049,TIGR00414
contig_20521,TIGR00414
contig_5172,TIGR00414
contig_1460,TIGR00418
contig_14003,TIGR00418
contig_19501,TIGR00418
contig_4662,TIGR00418
contig_2155,TIGR00418
contig_8778,TIGR00418
contig_447,TIGR00418
contig_22124,TIGR00418
contig_11087,TIGR00418
contig_14057,TIGR00418
contig_18117,TIGR00418
contig_7357,TIGR00418
contig_11662,TIGR00418
contig_21784,TIGR00418
contig_11088,TIGR00418
contig_923,TIGR00418
contig_29819,TIGR00418
contig_153,TIGR00418
contig_20489,TIGR00418
contig_22216,TIGR00418
contig_17531,TIGR00418
contig_13094,TIGR00418
contig_24818,TIGR00418
contig_5649,TIGR00418
contig_7005,TIGR00418
contig_21351,TIGR00418
contig_4938,TIGR00418
contig_14961,TIGR00418
contig_20896,TIGR00418
contig_9181,TIGR00418
contig_8675,TIGR00418
contig_21163,TIGR00418
contig_793,TIGR00420
contig_21955,TIGR00420
contig_25379,TIGR00420
contig_3368,TIGR00420
contig_625,TIGR00420
contig_5754,TIGR00420
contig_5636,TIGR00420
contig_17631,TIGR00420
contig_1255,TIGR00420
contig_3004,TIGR00420
contig_6998,TIGR00420
contig_19244,TIGR00420
contig_447,TIGR00420
contig_11662,TIGR00420
contig_14951,TIGR00420
contig_15816,TIGR00420
contig_21618,TIGR00420
contig_24014,TIGR00420
contig_31009,TIGR00420
contig_22289,TIGR00420
contig_12691,TIGR00420
contig_20646,TIGR00420
contig_674,TIGR00420
contig_14702,TIGR00420
contig_4547,TIGR00420
contig_14670,TIGR00420
contig_7349,TIGR00420
contig_19381,TIGR00420
contig_259,TIGR00422
contig_6583,TIGR00422
contig_21648,TIGR00422
contig_7084,TIGR00422
contig_17579,TIGR00422
contig_2219,TIGR00422
contig_399,TIGR00422
contig_2374,TIGR00422
contig_2716,TIGR00422
contig_647,TIGR00422
contig_8264,TIGR00422
contig_19952,TIGR00422
contig_19121,TIGR00422
contig_14690,TIGR00422
contig_366,TIGR00422
contig_17760,TIGR00422
contig_578,TIGR00422
contig_23925,TIGR00422
contig_15680,TIGR00422
contig_7624,TIGR00422
contig_14552,TIGR00422
contig_22381,TIGR00422
contig_1811,TIGR00422
contig_23839,TIGR00422
contig_22913,TIGR00422
contig_7688,TIGR00422
contig_14908,TIGR00422
contig_28278,TIGR00422
contig_21450,TIGR00435
contig_28546,TIGR00435
contig_674,TIGR00435
contig_10809,TIGR00435
contig_447,TIGR00435
contig_2201,TIGR00435
contig_9990,TIGR00435
contig_3427,TIGR00435
contig_4580,TIGR00435
contig_28936,TIGR00435
contig_12791,TIGR00435
contig_16065,TIGR00435
contig_5715,TIGR00435
contig_2176,TIGR00435
contig_1709,TIGR00435
contig_13161,TIGR00435
contig_21234,TIGR00435
contig_18843,TIGR00435
contig_20563,TIGR00435
contig_22602,TIGR00435
contig_8531,TIGR00435
contig_3506,TIGR00435
contig_10495,TIGR00435
contig_22034,TIGR00435
contig_26934,TIGR00435
contig_30311,TIGR00435
contig_5964,TIGR00435
contig_645,TIGR00436
contig_28662,TIGR00436
contig_14990,TIGR00436
contig_10454,TIGR00436
contig_16910,TIGR00436
contig_21560,TIGR00436
contig_21442,TIGR00436
contig_1673,TIGR00436
contig_2530,TIGR00436
contig_1729,TIGR00436
contig_36,TIGR00436
contig_27130,TIGR00436
contig_5233,TIGR00436
contig_22984,TIGR00436
contig_10514,TIGR00436
contig_27908,TIGR00436
contig_18531,TIGR00436
contig_4698,TIGR00436
contig_447,TIGR00436
contig_15640,TIGR00436
contig_1159,TIGR00436
contig_2148,TIGR00436
contig_12929,TIGR00436
contig_22383,TIGR00436
contig_4637,TIGR00436
contig_14882,TIGR00436
contig_23646,TIGR00436
contig_20340,TIGR00436
contig_15640,TIGR00436
contig_36,TIGR00436
contig_3493,TIGR00436
contig_17546,TIGR00436
contig_2045,TIGR00436
contig_21976,TIGR00436
contig_27130,TIGR00436
contig_3411,TIGR00436
contig_447,TIGR00436
contig_21442,TIGR00436
contig_4608,TIGR00436
contig_21394,TIGR00436
contig_1697,TIGR00436
contig_22414,TIGR00436
contig_5767,TIGR00436
contig_10516,TIGR00436
contig_5398,TIGR00436
contig_1940,TIGR00442
contig_9433,TIGR00442
contig_22100,TIGR00442
contig_7121,TIGR00442
contig_1306,TIGR00442
contig_5912,TIGR00442
contig_399,TIGR00442
contig_6611,TIGR00442
contig_28214,TIGR00442
contig_10818,TIGR00442
contig_5439,TIGR00442
contig_19667,TIGR00442
contig_6053,TIGR00442
contig_19104,TIGR00442
contig_18627,TIGR00442
contig_14486,TIGR00442
contig_389,TIGR00442
contig_621,TIGR00442
contig_126,TIGR00442
contig_23211,TIGR00442
contig_2554,TIGR00442
contig_7989,TIGR00442
contig_20142,TIGR00442
contig_22787,TIGR00442
contig_16501,TIGR00442
contig_9237,TIGR00442
contig_7571,TIGR00442
contig_28573,TIGR00442
contig_6354,TIGR00442
contig_3384,TIGR00442
contig_1940,TIGR00459
contig_9515,TIGR00459
contig_6053,TIGR00459
contig_5439,TIGR00459
contig_369,TIGR00459
contig_22100,TIGR00459
contig_9433,TIGR00459
contig_2248,TIGR00459
contig_275,TIGR00459
contig_5100,TIGR00459
contig_21801,TIGR00459
contig_10818,TIGR00459
contig_513,TIGR00459
contig_16047,TIGR00459
contig_15139,TIGR00459
contig_19503,TIGR00459
contig_3953,TIGR00459
contig_10951,TIGR00459
contig_17451,TIGR00459
contig_16730,TIGR00459
contig_20589,TIGR00459
contig_22815,TIGR00459
contig_6816,TIGR00459
contig_19884,TIGR00459
contig_736,TIGR00459
contig_12697,TIGR00459
contig_28107,TIGR00459
contig_14448,TIGR00459
contig_22697,TIGR00459
contig_3518,TIGR00459
contig_9206,TIGR00459
contig_14816,TIGR00459
contig_3701,TIGR00459
contig_7669,TIGR00459
contig_24421,TIGR00460
contig_2034,TIGR00460
contig_21490,TIGR00460
contig_6427,TIGR00460
contig_48,TIGR00460
contig_15744,TIGR00460
contig_23396,TIGR00460
contig_1104,TIGR00460
contig_139,TIGR00460
contig_19089,TIGR00460
contig_11448,TIGR00460
contig_674,TIGR00460
contig_8986,TIGR00460
contig_21231,TIGR00460
contig_15689,TIGR00460
contig_20719,TIGR00460
contig_24792,TIGR00460
contig_13669,TIGR00460
contig_24528,TIGR00460
contig_6300,TIGR00460
contig_537,TIGR00460
contig_5057,TIGR00460
contig_9270,TIGR00460
contig_21765,TIGR00460
contig_16442,TIGR00460
contig_20759,TIGR00460
contig_18137,TIGR00460
contig_4743,TIGR00468
contig_21653,TIGR00468
contig_373,TIGR00468
contig_9067,TIGR00468
contig_5458,TIGR00468
contig_25320,TIGR00468
contig_22694,TIGR00468
contig_10258,TIGR00468
contig_20325,TIGR00468
contig_881,TIGR00468
contig_1210,TIGR00468
contig_447,TIGR00468
contig_3216,TIGR00468
contig_228,TIGR00468
contig_4662,TIGR00468
contig_8080,TIGR00468
contig_8045,TIGR00468
contig_14486,TIGR00468
contig_22898,TIGR00468
contig_4774,TIGR00468
contig_7405,TIGR00468
contig_627,TIGR00468
contig_20913,TIGR00468
contig_4743,TIGR00471
contig_22694,TIGR00471
contig_3649,TIGR00471
contig_1371,TIGR00472
contig_21653,TIGR00472
contig_10412,TIGR00472
contig_476,TIGR00472
contig_20885,TIGR00472
contig_373,TIGR00472
contig_3678,TIGR00472
contig_9018,TIGR00472
contig_447,TIGR00472
contig_881,TIGR00472
contig_4662,TIGR00472
contig_13871,TIGR00472
contig_11806,TIGR00472
contig_21261,TIGR00472
contig_7621,TIGR00472
contig_5458,TIGR00472
contig_12405,TIGR00472
contig_14798,TIGR00472
contig_3216,TIGR00472
contig_9067,TIGR00472
contig_28894,TIGR00472
contig_31196,TIGR00472
contig_26551,TIGR00472
contig_21297,TIGR00472
contig_3088,TIGR00472
contig_28864,TIGR00472
contig_3757,TIGR00487
contig_5125,TIGR00487
contig_2512,TIGR00487
contig_5317,TIGR00487
contig_22050,TIGR00487
contig_16342,TIGR00487
contig_332,TIGR00487
contig_5956,TIGR00487
contig_11863,TIGR00487
contig_5715,TIGR00487
contig_1159,TIGR00487
contig_3890,TIGR00487
contig_14670,TIGR00487
contig_6352,TIGR00487
contig_61,TIGR00487
contig_351,TIGR00487
contig_15703,TIGR00487
contig_8890,TIGR00487
contig_21023,TIGR00487
contig_15601,TIGR00487
contig_3246,TIGR00487
contig_22730,TIGR00487
contig_7060,TIGR00487
contig_17102,TIGR00487
contig_26687,TIGR00487
contig_13473,TIGR00487
contig_9662,TIGR00487
contig_28145,TIGR00487
contig_5267,TIGR00487
contig_2387,TIGR00487
contig_19081,TIGR00487
contig_27349,TIGR00487
contig_780,TIGR00496
contig_4701,TIGR00496
contig_26972,TIGR00496
contig_21555,TIGR00496
contig_8335,TIGR00496
contig_21590,TIGR00496
contig_399,TIGR00496
contig_2301,TIGR00496
contig_12742,TIGR00496
contig_1697,TIGR00496
contig_9716,TIGR00496
contig_4027,TIGR00496
contig_12687,TIGR00496
contig_13882,TIGR00496
contig_19505,TIGR00496
contig_892,TIGR00496
contig_26586,TIGR00496
contig_19740,TIGR00496
contig_25087,TIGR00496
contig_25419,TIGR00496
contig_7334,TIGR00496
contig_8734,TIGR00496
contig_2393,TIGR00496
contig_14303,TIGR00496
contig_4025,TIGR00496
contig_14566,TIGR00496
contig_3451,TIGR00496
contig_25349,TIGR00496
contig_15869,TIGR00496
contig_29533,TIGR00496
contig_9944,TIGR00496
contig_7453,TIGR00575
contig_1347,TIGR00575
contig_1208,TIGR00575
contig_336,TIGR00575
contig_240,TIGR00575
contig_476,TIGR00575
contig_21780,TIGR00575
contig_22362,TIGR00575
contig_6820,TIGR00575
contig_447,TIGR00575
contig_10848,TIGR00575
contig_10073,TIGR00575
contig_6844,TIGR00575
contig_562,TIGR00575
contig_16943,TIGR00575
contig_5431,TIGR00575
contig_14434,TIGR00575
contig_28993,TIGR00575
contig_3559,TIGR00575
contig_6630,TIGR00575
contig_30508,TIGR00575
contig_13531,TIGR00575
contig_20648,TIGR00575
contig_19536,TIGR00575
contig_15979,TIGR00575
contig_9483,TIGR00575
contig_6570,TIGR00575
contig_21151,TIGR00575
contig_127,TIGR00631
contig_19017,TIGR00631
contig_7484,TIGR00631
contig_838,TIGR00631
contig_447,TIGR00631
contig_5780,TIGR00631
contig_22486,TIGR00631
contig_11300,TIGR00631
contig_5438,TIGR00631
contig_21515,TIGR00631
contig_19813,TIGR00631
contig_8164,TIGR00631
contig_19317,TIGR00631
contig_674,TIGR00631
contig_445,TIGR00631
contig_24664,TIGR00631
contig_18624,TIGR00631
contig_27264,TIGR00631
contig_20908,TIGR00631
contig_21816,TIGR00631
contig_21498,TIGR00663
contig_13609,TIGR00663
contig_21487,TIGR00663
contig_2813,TIGR00663
contig_6160,TIGR00663
contig_4975,TIGR00663
contig_8902,TIGR00663
contig_254,TIGR00663
contig_14464,TIGR00663
contig_25322,TIGR00663
contig_7958,TIGR00663
contig_1199,TIGR00663
contig_7376,TIGR00663
contig_5020,TIGR00663
contig_20235,TIGR00663
contig_7463,TIGR00663
contig_28915,TIGR00663
contig_19306,TIGR00663
contig_27888,TIGR00663
contig_23731,TIGR00663
contig_18843,TIGR00663
contig_31481,TIGR00663
contig_369,TIGR00663
contig_11488,TIGR00663
contig_21522,TIGR00663
contig_11925,TIGR00663
contig_17773,TIGR00663
contig_10317,TIGR00663
contig_20569,TIGR00663
contig_20595,TIGR00663
contig_15394,TIGR00663
contig_27739,TIGR00663
contig_2654,TIGR00663
contig_283,TIGR00810
contig_4270,TIGR00810
contig_4267,TIGR00810
contig_4123,TIGR00810
contig_13060,TIGR00810
contig_21150,TIGR00810
contig_8721,TIGR00810
contig_5645,TIGR00810
contig_2156,TIGR00810
contig_2248,TIGR00810
contig_25061,TIGR00810
contig_20598,TIGR00810
contig_50,TIGR00810
contig_19740,TIGR00810
contig_597,TIGR00810
contig_678,TIGR00810
contig_869,TIGR00810
contig_22050,TIGR00810
contig_18638,TIGR00810
contig_11805,TIGR00810
contig_17293,TIGR00810
contig_22819,TIGR00810
contig_5999,TIGR00810
contig_11653,TIGR00810
contig_24185,TIGR00810
contig_25352,TIGR00810
contig_5798,TIGR00855
contig_676,TIGR00855
contig_10063,TIGR00855
contig_3329,TIGR00855
contig_6765,TIGR00855
contig_17368,TIGR00855
contig_23769,TIGR00855
contig_7968,TIGR00855
contig_3770,TIGR00855
contig_19175,TIGR00855
contig_928,TIGR00855
contig_23110,TIGR00855
contig_7377,TIGR00855
contig_10140,TIGR00855
contig_18420,TIGR00855
contig_9525,TIGR00855
contig_19307,TIGR00855
contig_18898,TIGR00855
contig_6018,TIGR00855
contig_7701,TIGR00855
contig_12655,TIGR00855
contig_13,TIGR00855
contig_2668,TIGR00855
contig_1364,TIGR00855
contig_3493,TIGR00855
contig_31000,TIGR00855
contig_23718,TIGR00855
contig_22675,TIGR00922
contig_13214,TIGR00922
contig_5798,TIGR00922
contig_9360,TIGR00922
contig_6765,TIGR00922
contig_5224,TIGR00922
contig_3770,TIGR00922
contig_7377,TIGR00922
contig_17428,TIGR00922
contig_3329,TIGR00922
contig_5540,TIGR00922
contig_19175,TIGR00922
contig_6018,TIGR00922
contig_7701,TIGR00922
contig_483,TIGR00922
contig_18898,TIGR00922
contig_22797,TIGR00922
contig_23106,TIGR00922
contig_1364,TIGR00922
contig_13852,TIGR00922
contig_26694,TIGR00922
contig_10970,TIGR00922
contig_676,TIGR00922
contig_928,TIGR00922
contig_9234,TIGR00922
contig_6549,TIGR00952
contig_16194,TIGR00952
contig_8405,TIGR00952
contig_5317,TIGR00952
contig_14797,TIGR00952
contig_1021,TIGR00952
contig_17571,TIGR00952
contig_6187,TIGR00952
contig_12094,TIGR00952
contig_2512,TIGR00952
contig_15455,TIGR00952
contig_5983,TIGR00952
contig_447,TIGR00952
contig_1456,TIGR00952
contig_4080,TIGR00952
contig_21401,TIGR00952
contig_16342,TIGR00952
contig_14904,TIGR00952
contig_8740,TIGR00952
contig_28143,TIGR00952
contig_27550,TIGR00952
contig_24057,TIGR00952
contig_18688,TIGR00952
contig_26612,TIGR00952
contig_754,TIGR00952
contig_2365,TIGR00952
contig_18859,TIGR00952
contig_7701,TIGR00952
contig_17292,TIGR00952
contig_755,TIGR00952
contig_16417,TIGR00959
contig_2180,TIGR00959
contig_6091,TIGR00959
contig_22409,TIGR00959
contig_216,TIGR00959
contig_8533,TIGR00959
contig_12359,TIGR00959
contig_3068,TIGR00959
contig_18314,TIGR00959
contig_2983,TIGR00959
contig_16114,TIGR00959
contig_17138,TIGR00959
contig_820,TIGR00959
contig_16360,TIGR00959
contig_6709,TIGR00959
contig_11884,TIGR00959
contig_19971,TIGR00959
contig_7745,TIGR00959
contig_4619,TIGR00959
contig_4618,TIGR00959
contig_5393,TIGR00959
contig_19556,TIGR00959
contig_3785,TIGR00959
contig_6466,TIGR00959
contig_2060,TIGR00963
contig_21793,TIGR00963
contig_376,TIGR00963
contig_838,TIGR00963
contig_22073,TIGR00963
contig_1881,TIGR00963
contig_7314,TIGR00963
contig_21322,TIGR00963
contig_10764,TIGR00963
contig_399,TIGR00963
contig_31298,TIGR00963
contig_6081,TIGR00963
contig_4948,TIGR00963
contig_6820,TIGR00963
contig_14670,TIGR00963
contig_7357,TIGR00963
contig_14690,TIGR00963
contig_11265,TIGR00963
contig_1763,TIGR00963
contig_27099,TIGR00963
contig_12400,TIGR00963
contig_6572,TIGR00963
contig_2350,TIGR00963
contig_26143,TIGR00963
contig_10545,TIGR00963
contig_23425,TIGR00963
contig_29058,TIGR00963
contig_2705,TIGR00963
contig_14386,TIGR00963
contig_27201,TIGR00963
contig_13214,TIGR00964
contig_9360,TIGR00964
contig_928,TIGR00964
contig_5798,TIGR00964
contig_17428,TIGR00964
contig_6077,TIGR00964
contig_19175,TIGR00964
contig_5224,TIGR00964
contig_22797,TIGR00964
contig_24599,TIGR00964
contig_6765,TIGR00964
contig_23106,TIGR00964
contig_3770,TIGR00964
contig_24967,TIGR00964
contig_10513,TIGR00964
contig_676,TIGR00964
contig_1364,TIGR00964
contig_6018,TIGR00964
contig_18898,TIGR00964
contig_9234,TIGR00964
contig_29097,TIGR00964
contig_10970,TIGR00964
contig_16023,TIGR00964
contig_3493,TIGR00964
contig_483,TIGR00964
contig_22675,TIGR00964
contig_6430,TIGR00967
contig_1960,TIGR00967
contig_30648,TIGR00967
contig_399,TIGR00967
contig_1078,TIGR00967
contig_4199,TIGR00967
contig_4885,TIGR00967
contig_9729,TIGR00967
contig_261,TIGR00967
contig_334,TIGR00967
contig_14741,TIGR00967
contig_23944,TIGR00967
contig_18843,TIGR00967
contig_6581,TIGR00967
contig_7701,TIGR00967
contig_36,TIGR00967
contig_22154,TIGR00967
contig_7031,TIGR00967
contig_21714,TIGR00967
contig_7443,TIGR00967
contig_18476,TIGR00967
contig_24436,TIGR00967
contig_157,TIGR00967
contig_8803,TIGR00967
contig_20591,TIGR00967
contig_30391,TIGR00967
contig_19446,TIGR00967
contig_3935,TIGR00967
contig_26162,TIGR00967
contig_17688,TIGR00967
contig_9027,TIGR00967
contig_19997,TIGR00967
contig_19406,TIGR00967
contig_8156,TIGR00967
contig_12904,TIGR00967
contig_17473,TIGR00981
contig_24873,TIGR00981
contig_22001,TIGR00981
contig_23176,TIGR00981
contig_14362,TIGR00981
contig_157,TIGR00981
contig_1206,TIGR00981
contig_18843,TIGR00981
contig_25746,TIGR00981
contig_7701,TIGR00981
contig_676,TIGR00981
contig_30817,TIGR00981
contig_11347,TIGR00981
contig_2248,TIGR00981
contig_27144,TIGR00981
contig_36,TIGR00981
contig_10908,TIGR00981
contig_16445,TIGR00981
contig_9838,TIGR00981
contig_333,TIGR00981
contig_6812,TIGR00981
contig_10737,TIGR00981
contig_10502,TIGR00981
contig_1690,TIGR00981
contig_27884,TIGR00981
contig_28526,TIGR00981
contig_334,TIGR00981
contig_4609,TIGR00981
contig_21478,TIGR00981
contig_3911,TIGR00981
contig_14775,TIGR00981
contig_10219,TIGR00981
contig_7636,TIGR01009
contig_6608,TIGR01009
contig_261,TIGR01009
contig_334,TIGR01009
contig_10934,TIGR01009
contig_28354,TIGR01009
contig_8715,TIGR01009
contig_2485,TIGR01009
contig_9932,TIGR01009
contig_21714,TIGR01009
contig_19656,TIGR01009
contig_21479,TIGR01009
contig_17294,TIGR01009
contig_399,TIGR01009
contig_7450,TIGR01009
contig_4872,TIGR01009
contig_1843,TIGR01009
contig_7701,TIGR01009
contig_18843,TIGR01009
contig_157,TIGR01009
contig_4111,TIGR01009
contig_26673,TIGR01009
contig_36,TIGR01009
contig_9701,TIGR01009
contig_13557,TIGR01009
contig_4460,TIGR01009
contig_11721,TIGR01009
contig_13308,TIGR01009
contig_27259,TIGR01009
contig_23944,TIGR01009
contig_4288,TIGR01009
contig_780,TIGR01011
contig_4635,TIGR01011
contig_23976,TIGR01011
contig_21555,TIGR01011
contig_19265,TIGR01011
contig_471,TIGR01011
contig_1697,TIGR01011
contig_12204,TIGR01011
contig_2301,TIGR01011
contig_26972,TIGR01011
contig_13600,TIGR01011
contig_21590,TIGR01011
contig_19529,TIGR01011
contig_7180,TIGR01011
contig_19922,TIGR01011
contig_399,TIGR01011
contig_3874,TIGR01011
contig_4282,TIGR01011
contig_5740,TIGR01011
contig_3597,TIGR01011
contig_1204,TIGR01011
contig_14566,TIGR01011
contig_11782,TIGR01011
contig_29135,TIGR01011
contig_2731,TIGR01011
contig_12713,TIGR01011
contig_6383,TIGR01011
contig_29085,TIGR01011
contig_28834,TIGR01011
contig_6688,TIGR01011
contig_28717,TIGR01011
contig_3560,TIGR01011
contig_2197,TIGR01017
contig_1078,TIGR01017
contig_10039,TIGR01017
contig_8979,TIGR01017
contig_157,TIGR01017
contig_399,TIGR01017
contig_1960,TIGR01017
contig_7214,TIGR01017
contig_18843,TIGR01017
contig_7701,TIGR01017
contig_20377,TIGR01017
contig_4208,TIGR01017
contig_21714,TIGR01017
contig_14081,TIGR01017
contig_334,TIGR01017
contig_19399,TIGR01017
contig_11237,TIGR01017
contig_29178,TIGR01017
contig_7031,TIGR01017
contig_9676,TIGR01017
contig_6430,TIGR01017
contig_7439,TIGR01017
contig_22154,TIGR01017
contig_16708,TIGR01017
contig_12334,TIGR01017
contig_23944,TIGR01017
contig_13282,TIGR01017
contig_8644,TIGR01021
contig_16451,TIGR01021
contig_261,TIGR01021
contig_14774,TIGR01021
contig_9055,TIGR01021
contig_24132,TIGR01021
contig_21479,TIGR01021
contig_6430,TIGR01021
contig_4885,TIGR01021
contig_19291,TIGR01021
contig_21714,TIGR01021
contig_7685,TIGR01021
contig_334,TIGR01021
contig_399,TIGR01021
contig_23944,TIGR01021
contig_7031,TIGR01021
contig_18843,TIGR01021
contig_1960,TIGR01021
contig_36,TIGR01021
contig_7701,TIGR01021
contig_18565,TIGR01021
contig_19131,TIGR01021
contig_6581,TIGR01021
contig_7443,TIGR01021
contig_25139,TIGR01021
contig_157,TIGR01021
contig_28787,TIGR01021
contig_19406,TIGR01021
contig_19446,TIGR01021
contig_1078,TIGR01021
contig_3366,TIGR01021
contig_24404,TIGR01021
contig_9192,TIGR01024
contig_2180,TIGR01024
contig_820,TIGR01024
contig_4447,TIGR01024
contig_6858,TIGR01024
contig_22335,TIGR01024
contig_5071,TIGR01024
contig_3068,TIGR01024
contig_24190,TIGR01024
contig_1265,TIGR01024
contig_23247,TIGR01024
contig_26644,TIGR01024
contig_19236,TIGR01024
contig_15836,TIGR01024
contig_19503,TIGR01024
contig_3785,TIGR01024
contig_15863,TIGR01024
contig_6154,TIGR01024
contig_20472,TIGR01024
contig_4293,TIGR01024
contig_111,TIGR01024
contig_7,TIGR01024
contig_26125,TIGR01024
contig_8471,TIGR01024
contig_6465,TIGR01024
contig_12212,TIGR01024
contig_17473,TIGR01029
contig_27144,TIGR01029
contig_23176,TIGR01029
contig_24873,TIGR01029
contig_9838,TIGR01029
contig_10502,TIGR01029
contig_21478,TIGR01029
contig_4609,TIGR01029
contig_333,TIGR01029
contig_10737,TIGR01029
contig_1690,TIGR01029
contig_14362,TIGR01029
contig_10219,TIGR01029
contig_6812,TIGR01029
contig_1206,TIGR01029
contig_14775,TIGR01029
contig_16445,TIGR01029
contig_334,TIGR01029
contig_676,TIGR01029
contig_28526,TIGR01029
contig_27884,TIGR01029
contig_11347,TIGR01029
contig_20147,TIGR01029
contig_22001,TIGR01029
contig_18843,TIGR01029
contig_24509,TIGR01029
contig_10908,TIGR01029
contig_36,TIGR01029
contig_7701,TIGR01029
contig_2248,TIGR01029
contig_157,TIGR01029
contig_3911,TIGR01029
contig_271,TIGR01030
contig_12300,TIGR01030
contig_399,TIGR01030
contig_4293,TIGR01030
contig_27266,TIGR01030
contig_21677,TIGR01030
contig_2975,TIGR01030
contig_7467,TIGR01030
contig_22383,TIGR01031
contig_18536,TIGR01031
contig_28638,TIGR01031
contig_21442,TIGR01031
contig_1587,TIGR01031
contig_10961,TIGR01031
contig_390,TIGR01031
contig_18671,TIGR01031
contig_36,TIGR01031
contig_3785,TIGR01031
contig_2180,TIGR01031
contig_22335,TIGR01031
contig_3123,TIGR01031
contig_28717,TIGR01031
contig_15621,TIGR01031
contig_12059,TIGR01031
contig_26409,TIGR01031
contig_13331,TIGR01031
contig_1021,TIGR01031
contig_20426,TIGR01031
contig_17237,TIGR01032
contig_8473,TIGR01032
contig_15711,TIGR01032
contig_15298,TIGR01032
contig_373,TIGR01032
contig_12717,TIGR01032
contig_22904,TIGR01032
contig_5458,TIGR01032
contig_8778,TIGR01032
contig_2155,TIGR01032
contig_153,TIGR01032
contig_24786,TIGR01032
contig_17980,TIGR01032
contig_11662,TIGR01032
contig_20743,TIGR01032
contig_14182,TIGR01032
contig_923,TIGR01032
contig_2222,TIGR01032
contig_24725,TIGR01032
contig_15023,TIGR01032
contig_4662,TIGR01032
contig_447,TIGR01032
contig_23084,TIGR01032
contig_4809,TIGR01032
contig_3216,TIGR01032
contig_18117,TIGR01032
contig_16774,TIGR01032
contig_31433,TIGR01032
contig_20363,TIGR01032
contig_261,TIGR01044
contig_7636,TIGR01044
contig_4288,TIGR01044
contig_334,TIGR01044
contig_6608,TIGR01044
contig_9932,TIGR01044
contig_8715,TIGR01044
contig_4460,TIGR01044
contig_10934,TIGR01044
contig_21714,TIGR01044
contig_19656,TIGR01044
contig_2485,TIGR01044
contig_28354,TIGR01044
contig_13308,TIGR01044
contig_399,TIGR01044
contig_7450,TIGR01044
contig_4111,TIGR01044
contig_157,TIGR01044
contig_7701,TIGR01044
contig_11721,TIGR01044
contig_16077,TIGR01044
contig_21479,TIGR01044
contig_13557,TIGR01044
contig_18843,TIGR01044
contig_4872,TIGR01044
contig_17294,TIGR01044
contig_9701,TIGR01044
contig_1843,TIGR01044
contig_36,TIGR01044
contig_23999,TIGR01044
contig_28757,TIGR01049
contig_4792,TIGR01049
contig_7636,TIGR01049
contig_261,TIGR01049
contig_334,TIGR01049
contig_10008,TIGR01049
contig_16446,TIGR01049
contig_5270,TIGR01049
contig_7810,TIGR01049
contig_18759,TIGR01049
contig_23235,TIGR01049
contig_22324,TIGR01049
contig_22325,TIGR01049
contig_4765,TIGR01049
contig_8893,TIGR01049
contig_17473,TIGR01049
contig_27588,TIGR01049
contig_30118,TIGR01049
contig_20239,TIGR01049
contig_12732,TIGR01049
contig_7701,TIGR01049
contig_18843,TIGR01049
contig_21714,TIGR01049
contig_157,TIGR01049
contig_36,TIGR01049
contig_399,TIGR01049
contig_24919,TIGR01049
contig_2248,TIGR01049
contig_3270,TIGR01049
contig_29848,TIGR01049
contig_25773,TIGR01049
contig_4872,TIGR01049
contig_7450,TIGR01050
contig_399,TIGR01050
contig_261,TIGR01050
contig_16077,TIGR01050
contig_2485,TIGR01050
contig_13557,TIGR01050
contig_9932,TIGR01050
contig_23999,TIGR01050
contig_21479,TIGR01050
contig_21714,TIGR01050
contig_5069,TIGR01050
contig_10934,TIGR01050
contig_157,TIGR01050
contig_13308,TIGR01050
contig_19656,TIGR01050
contig_11721,TIGR01050
contig_4872,TIGR01050
contig_36,TIGR01050
contig_4111,TIGR01050
contig_7636,TIGR01050
contig_31362,TIGR01050
contig_18843,TIGR01050
contig_4288,TIGR01050
contig_7701,TIGR01050
contig_1843,TIGR01050
contig_27036,TIGR01050
contig_15468,TIGR01050
contig_23017,TIGR01050
contig_334,TIGR01050
contig_17294,TIGR01050
contig_8192,TIGR01050
contig_26406,TIGR01050
contig_4361,TIGR01050
contig_8751,TIGR01059
contig_2813,TIGR01059
contig_531,TIGR01059
contig_22973,TIGR01059
contig_254,TIGR01059
contig_19946,TIGR01059
contig_61,TIGR01059
contig_271,TIGR01059
contig_5020,TIGR01059
contig_21929,TIGR01059
contig_23692,TIGR01059
contig_14670,TIGR01059
contig_8824,TIGR01059
contig_16422,TIGR01059
contig_5715,TIGR01059
contig_4625,TIGR01059
contig_10176,TIGR01059
contig_7981,TIGR01063
contig_2813,TIGR01063
contig_254,TIGR01063
contig_3217,TIGR01063
contig_3730,TIGR01063
contig_16672,TIGR01063
contig_1861,TIGR01063
contig_21929,TIGR01063
contig_531,TIGR01063
contig_12016,TIGR01063
contig_10146,TIGR01063
contig_16554,TIGR01063
contig_14670,TIGR01063
contig_5927,TIGR01063
contig_61,TIGR01063
contig_10176,TIGR01063
contig_1119,TIGR01063
contig_22338,TIGR01063
contig_843,TIGR01063
contig_14122,TIGR01063
contig_26958,TIGR01063
contig_196,TIGR01063
contig_261,TIGR01066
contig_11953,TIGR01066
contig_3874,TIGR01066
contig_2859,TIGR01066
contig_12072,TIGR01066
contig_11097,TIGR01066
contig_3806,TIGR01066
contig_11148,TIGR01066
contig_334,TIGR01066
contig_17933,TIGR01066
contig_20598,TIGR01066
contig_4120,TIGR01066
contig_4282,TIGR01066
contig_28768,TIGR01066
contig_3597,TIGR01066
contig_5740,TIGR01066
contig_2731,TIGR01066
contig_10180,TIGR01066
contig_21581,TIGR01066
contig_399,TIGR01066
contig_23786,TIGR01066
contig_1204,TIGR01066
contig_21489,TIGR01066
contig_1804,TIGR01066
contig_12713,TIGR01066
contig_2670,TIGR01066
contig_7062,TIGR01066
contig_20746,TIGR01066
contig_10971,TIGR01066
contig_27698,TIGR01066
contig_16367,TIGR01066
contig_23944,TIGR01067
contig_21479,TIGR01067
contig_334,TIGR01067
contig_21714,TIGR01067
contig_261,TIGR01067
contig_1078,TIGR01067
contig_17865,TIGR01067
contig_4196,TIGR01067
contig_7450,TIGR01067
contig_399,TIGR01067
contig_19656,TIGR01067
contig_14774,TIGR01067
contig_16280,TIGR01067
contig_6358,TIGR01067
contig_28716,TIGR01067
contig_18843,TIGR01067
contig_18834,TIGR01067
contig_9065,TIGR01067
contig_6581,TIGR01067
contig_157,TIGR01067
contig_25288,TIGR01067
contig_36,TIGR01067
contig_26110,TIGR01067
contig_7701,TIGR01067
contig_4111,TIGR01067
contig_10304,TIGR01067
contig_4872,TIGR01067
contig_17688,TIGR01071
contig_334,TIGR01071
contig_6430,TIGR01071
contig_9027,TIGR01071
contig_4885,TIGR01071
contig_19406,TIGR01071
contig_16451,TIGR01071
contig_19446,TIGR01071
contig_261,TIGR01071
contig_21714,TIGR01071
contig_4199,TIGR01071
contig_157,TIGR01071
contig_23944,TIGR01071
contig_8803,TIGR01071
contig_36,TIGR01071
contig_1078,TIGR01071
contig_7443,TIGR01071
contig_7701,TIGR01071
contig_6581,TIGR01071
contig_3366,TIGR01071
contig_14774,TIGR01071
contig_20591,TIGR01071
contig_18843,TIGR01071
contig_7031,TIGR01071
contig_399,TIGR01071
contig_1960,TIGR01071
contig_28787,TIGR01071
contig_8644,TIGR01071
contig_28716,TIGR01079
contig_1078,TIGR01079
contig_9065,TIGR01079
contig_21714,TIGR01079
contig_6358,TIGR01079
contig_18843,TIGR01079
contig_16280,TIGR01079
contig_399,TIGR01079
contig_23944,TIGR01079
contig_334,TIGR01079
contig_21479,TIGR01079
contig_4196,TIGR01079
contig_261,TIGR01079
contig_7450,TIGR01079
contig_14774,TIGR01079
contig_6581,TIGR01079
contig_157,TIGR01079
contig_19656,TIGR01079
contig_15149,TIGR01079
contig_7701,TIGR01079
contig_7443,TIGR01079
contig_36,TIGR01079
contig_17865,TIGR01079
contig_18997,TIGR01079
contig_20907,TIGR01079
contig_22127,TIGR01079
contig_25288,TIGR01079
contig_4111,TIGR01079
contig_18834,TIGR01079
contig_10934,TIGR01164
contig_6608,TIGR01164
contig_334,TIGR01164
contig_261,TIGR01164
contig_8715,TIGR01164
contig_17294,TIGR01164
contig_28354,TIGR01164
contig_21714,TIGR01164
contig_23944,TIGR01164
contig_7636,TIGR01164
contig_399,TIGR01164
contig_21479,TIGR01164
contig_157,TIGR01164
contig_7450,TIGR01164
contig_36,TIGR01164
contig_4111,TIGR01164
contig_19656,TIGR01164
contig_27259,TIGR01164
contig_18843,TIGR01164
contig_13557,TIGR01164
contig_4872,TIGR01164
contig_25288,TIGR01164
contig_13308,TIGR01164
contig_6581,TIGR01164
contig_9701,TIGR01164
contig_7701,TIGR01164
contig_26110,TIGR01164
contig_5798,TIGR01169
contig_15827,TIGR01169
contig_27969,TIGR01169
contig_3329,TIGR01169
contig_11490,TIGR01169
contig_676,TIGR01169
contig_6765,TIGR01169
contig_23106,TIGR01169
contig_18255,TIGR01169
contig_928,TIGR01169
contig_3770,TIGR01169
contig_1364,TIGR01169
contig_16609,TIGR01169
contig_3493,TIGR01169
contig_6823,TIGR01169
contig_6018,TIGR01169
contig_19175,TIGR01169
contig_18898,TIGR01169
contig_7701,TIGR01169
contig_13852,TIGR01169
contig_23769,TIGR01169
contig_12655,TIGR01169
contig_29777,TIGR01169
contig_483,TIGR01169
contig_7377,TIGR01169
contig_14573,TIGR01169
contig_18651,TIGR01169
contig_5540,TIGR01169
contig_4361,TIGR01171
contig_261,TIGR01171
contig_16077,TIGR01171
contig_7636,TIGR01171
contig_4288,TIGR01171
contig_334,TIGR01171
contig_399,TIGR01171
contig_27036,TIGR01171
contig_17473,TIGR01171
contig_21714,TIGR01171
contig_13308,TIGR01171
contig_10934,TIGR01171
contig_5069,TIGR01171
contig_21479,TIGR01171
contig_15468,TIGR01171
contig_2485,TIGR01171
contig_4872,TIGR01171
contig_4111,TIGR01171
contig_1843,TIGR01171
contig_36,TIGR01171
contig_18843,TIGR01171
contig_23017,TIGR01171
contig_157,TIGR01171
contig_7701,TIGR01171
contig_15819,TIGR01171
contig_13613,TIGR01171
contig_8192,TIGR01171
contig_28591,TIGR01171
contig_3270,TIGR01171
contig_749,TIGR01171
contig_26406,TIGR01171
contig_31362,TIGR01171
contig_23235,TIGR01171
contig_6180,TIGR01171
contig_23999,TIGR01171
contig_10008,TIGR01171
contig_11721,TIGR01171
contig_10077,TIGR01391
contig_3713,TIGR01391
contig_253,TIGR01391
contig_21635,TIGR01391
contig_19991,TIGR01391
contig_16203,TIGR01391
contig_342,TIGR01391
contig_11448,TIGR01391
contig_29581,TIGR01391
contig_2306,TIGR01391
contig_1554,TIGR01391
contig_2626,TIGR01391
contig_21701,TIGR01391
contig_27442,TIGR01391
contig_2703,TIGR01391
contig_4679,TIGR01391
contig_356,TIGR01391
contig_3761,TIGR01391
contig_4658,TIGR01391
contig_21969,TIGR01391
contig_9226,TIGR01391
contig_25645,TIGR01391
contig_17806,TIGR01391
contig_19609,TIGR01391
contig_19320,TIGR01391
contig_645,TIGR01393
contig_8157,TIGR01393
contig_2185,TIGR01393
contig_22845,TIGR01393
contig_15341,TIGR01393
contig_200,TIGR01393
contig_10471,TIGR01393
contig_1086,TIGR01393
contig_5543,TIGR01393
contig_20340,TIGR01393
contig_19141,TIGR01393
contig_449,TIGR01393
contig_3436,TIGR01393
contig_10412,TIGR01393
contig_24774,TIGR01393
contig_399,TIGR01393
contig_469,TIGR01393
contig_9352,TIGR01393
contig_19189,TIGR01393
contig_3472,TIGR01393
contig_4069,TIGR01393
contig_11847,TIGR01393
contig_27108,TIGR01393
contig_25506,TIGR01393
contig_15456,TIGR01393
contig_12686,TIGR01393
contig_13090,TIGR01393
contig_13399,TIGR01393
contig_23816,TIGR01393
contig_19535,TIGR01393
contig_30097,TIGR01393
contig_26189,TIGR01393
contig_3329,TIGR01632
contig_7377,TIGR01632
contig_5798,TIGR01632
contig_27969,TIGR01632
contig_19175,TIGR01632
contig_7701,TIGR01632
contig_23106,TIGR01632
contig_14573,TIGR01632
contig_6765,TIGR01632
contig_483,TIGR01632
contig_13852,TIGR01632
contig_3493,TIGR01632
contig_6018,TIGR01632
contig_17428,TIGR01632
contig_16609,TIGR01632
contig_26694,TIGR01632
contig_18898,TIGR01632
contig_3770,TIGR01632
contig_22797,TIGR01632
contig_1364,TIGR01632
contig_5540,TIGR01632
contig_5224,TIGR01632
contig_10970,TIGR01632
contig_676,TIGR01632
contig_13214,TIGR01632
contig_928,TIGR01632
contig_6823,TIGR01632
contig_18255,TIGR01632
contig_2512,TIGR01953
contig_11856,TIGR01953
contig_3757,TIGR01953
contig_11800,TIGR01953
contig_1179,TIGR01953
contig_563,TIGR01953
contig_5317,TIGR01953
contig_1159,TIGR01953
contig_28093,TIGR01953
contig_6352,TIGR01953
contig_22050,TIGR01953
contig_332,TIGR01953
contig_12054,TIGR01953
contig_10339,TIGR01953
contig_19672,TIGR01953
contig_5715,TIGR01953
contig_11863,TIGR01953
contig_365,TIGR01953
contig_14670,TIGR01953
contig_24002,TIGR01953
contig_22671,TIGR01953
contig_20272,TIGR01953
contig_3890,TIGR01953
contig_18398,TIGR01953
contig_364,TIGR01953
contig_20331,TIGR01953
contig_61,TIGR01953
contig_28498,TIGR01953
contig_351,TIGR01953
contig_26024,TIGR01953
contig_8217,TIGR02012
contig_1131,TIGR02012
contig_549,TIGR02012
contig_21450,TIGR02012
contig_434,TIGR02012
contig_215,TIGR02012
contig_4166,TIGR02012
contig_12306,TIGR02012
contig_6567,TIGR02012
contig_2703,TIGR02012
contig_6028,TIGR02012
contig_137,TIGR02012
contig_14005,TIGR02012
contig_10399,TIGR02012
contig_7369,TIGR02012
contig_22716,TIGR02012
contig_6130,TIGR02012
contig_19144,TIGR02012
contig_7776,TIGR02012
contig_14220,TIGR02012
contig_624,TIGR02012
contig_21096,TIGR02012
contig_1104,TIGR02012
contig_2992,TIGR02012
contig_15035,TIGR02012
contig_6253,TIGR02012
contig_14243,TIGR02012
contig_16011,TIGR02012
contig_22005,TIGR02012
contig_13,TIGR02013
contig_18898,TIGR02013
contig_7701,TIGR02013
contig_12655,TIGR02013
contig_3493,TIGR02013
contig_2984,TIGR02013
contig_7377,TIGR02013
contig_21478,TIGR02013
contig_1206,TIGR02013
contig_10140,TIGR02013
contig_1351,TIGR02013
contig_676,TIGR02013
contig_928,TIGR02013
contig_10053,TIGR02013
contig_20481,TIGR02013
contig_6018,TIGR02013
contig_1364,TIGR02013
contig_22574,TIGR02013
contig_27886,TIGR02013
contig_16583,TIGR02013
contig_18975,TIGR02013
contig_30613,TIGR02013
contig_1497,TIGR02013
contig_10767,TIGR02013
contig_3770,TIGR02013
contig_180,TIGR02013
contig_16754,TIGR02013
contig_30527,TIGR02013
contig_261,TIGR02027
contig_14960,TIGR02027
contig_7214,TIGR02027
contig_13304,TIGR02027
contig_24489,TIGR02027
contig_7439,TIGR02027
contig_7701,TIGR02027
contig_7031,TIGR02027
contig_21714,TIGR02027
contig_18843,TIGR02027
contig_9707,TIGR02027
contig_334,TIGR02027
contig_22154,TIGR02027
contig_16708,TIGR02027
contig_20377,TIGR02027
contig_4208,TIGR02027
contig_23944,TIGR02027
contig_787,TIGR02027
contig_157,TIGR02027
contig_9676,TIGR02027
contig_14081,TIGR02027
contig_6430,TIGR02027
contig_29178,TIGR02027
contig_16923,TIGR02027
contig_19399,TIGR02027
contig_1078,TIGR02027
contig_15860,TIGR02027
contig_399,TIGR02027
contig_10039,TIGR02027
contig_19795,TIGR02027
contig_14562,TIGR02027
contig_22176,TIGR02191
contig_23993,TIGR02191
contig_22335,TIGR02191
contig_2180,TIGR02191
contig_24744,TIGR02191
contig_19572,TIGR02191
contig_1104,TIGR02191
contig_29346,TIGR02191
contig_1587,TIGR02191
contig_10112,TIGR02191
contig_5173,TIGR02191
contig_1266,TIGR02191
contig_7884,TIGR02191
contig_18176,TIGR02191
contig_17926,TIGR02191
contig_5715,TIGR02191
contig_486,TIGR02191
contig_15476,TIGR02191
contig_25933,TIGR02191
contig_3785,TIGR02191
contig_13629,TIGR02191
contig_1152,TIGR02191
contig_22569,TIGR02191
contig_21917,TIGR02191
contig_7944,TIGR02191
contig_15621,TIGR02191
contig_21900,TIGR02350
contig_21440,TIGR02350
contig_15995,TIGR02350
contig_2353,TIGR02350
contig_11284,TIGR02350
contig_447,TIGR02350
contig_336,TIGR02350
contig_20380,TIGR02350
contig_15204,TIGR02350
contig_11282,TIGR02350
contig_28635,TIGR02350
contig_8217,TIGR02350
contig_22411,TIGR02350
contig_8173,TIGR02350
contig_349,TIGR02350
contig_645,TIGR02350
contig_16207,TIGR02350
contig_17871,TIGR02350
contig_235,TIGR02350
contig_6401,TIGR02350
contig_17026,TIGR02350
contig_25719,TIGR02350
contig_20918,TIGR02350
contig_334,TIGR02386
contig_21478,TIGR02386
contig_7377,TIGR02386
contig_14362,TIGR02386
contig_3493,TIGR02386
contig_16220,TIGR02386
contig_18898,TIGR02386
contig_7701,TIGR02386
contig_1351,TIGR02386
contig_13,TIGR02386
contig_676,TIGR02386
contig_928,TIGR02386
contig_1206,TIGR02386
contig_23586,TIGR02386
contig_20101,TIGR02386
contig_15495,TIGR02386
contig_10053,TIGR02386
contig_23176,TIGR02386
contig_6025,TIGR02386
contig_11795,TIGR02386
contig_19889,TIGR02386
contig_19589,TIGR02386
contig_8407,TIGR02386
contig_22001,TIGR02386
contig_369,TIGR02397
contig_144,TIGR02397
contig_16417,TIGR02397
contig_484,TIGR02397
contig_1842,TIGR02397
contig_1693,TIGR02397
contig_9020,TIGR02397
contig_7476,TIGR02397
contig_27899,TIGR02397
contig_19006,TIGR02397
contig_25155,TIGR02397
contig_14670,TIGR02397
contig_26538,TIGR02397
contig_2375,TIGR02397
contig_23132,TIGR02397
contig_10672,TIGR02397
contig_5423,TIGR02397
contig_13854,TIGR02397
contig_6820,TIGR02397
contig_20035,TIGR02397
contig_5001,TIGR02397
contig_18161,TIGR02397
contig_1187,TIGR02397
contig_12595,TIGR02397
contig_12787,TIGR02397
contig_15260,TIGR02397
contig_24090,TIGR02397
contig_23275,TIGR02397
contig_30768,TIGR02397
contig_27484,TIGR02397
contig_22707,TIGR02397
contig_16417,TIGR02432
contig_3504,TIGR02432
contig_2960,TIGR02432
contig_2149,TIGR02432
contig_2959,TIGR02432
contig_31259,TIGR02432
contig_1004,TIGR02432
contig_1792,TIGR02432
contig_22530,TIGR02432
contig_1541,TIGR02432
contig_1172,TIGR02432
contig_228,TIGR02432
contig_19397,TIGR02432
contig_7559,TIGR02432
contig_2031,TIGR02432
contig_11453,TIGR02432
contig_25919,TIGR02432
contig_674,TIGR02432
contig_3598,TIGR02432
contig_3091,TIGR02432
contig_21527,TIGR02432
contig_18859,TIGR02432
contig_16617,TIGR02432
contig_12566,TIGR02432
contig_5609,TIGR02432
contig_24226,TIGR02432
contig_24477,TIGR02432
contig_25000,TIGR02432
contig_25979,TIGR02432
contig_6227,TIGR02729
contig_1059,TIGR02729
contig_21653,TIGR02729
contig_9679,TIGR02729
contig_457,TIGR02729
contig_1169,TIGR02729
contig_1168,TIGR02729
contig_581,TIGR02729
contig_27702,TIGR02729
contig_18927,TIGR02729
contig_21150,TIGR02729
contig_31159,TIGR02729
contig_478,TIGR02729
contig_477,TIGR02729
contig_3040,TIGR02729
contig_14335,TIGR02729
contig_399,TIGR02729
contig_2257,TIGR02729
contig_24627,TIGR02729
contig_3049,TIGR02729
contig_15213,TIGR02729
contig_26179,TIGR02729
contig_24093,TIGR02729
contig_28791,TIGR02729
contig_19796,TIGR02729
contig_8099,TIGR02729
contig_16399,TIGR02729
contig_21716,TIGR02729
contig_7563,TIGR02729
contig_1159,TIGR03263
contig_20899,TIGR03263
contig_12749,TIGR03263
contig_22208,TIGR03263
contig_316,TIGR03263
contig_24,TIGR03263
contig_12162,TIGR03263
contig_4531,TIGR03263
contig_16674,TIGR03263
contig_21429,TIGR03263
contig_5028,TIGR03263
contig_11805,TIGR03263
contig_8773,TIGR03263
contig_930,TIGR03263
contig_11962,TIGR03263
contig_5411,TIGR03263
contig_534,TIGR03263
contig_25769,TIGR03263
contig_5639,TIGR03263
contig_31174,TIGR03263
contig_31292,TIGR03263
contig_18117,TIGR03263
contig_5199,TIGR03263
contig_2148,TIGR03594
contig_22383,TIGR03594
contig_2045,TIGR03594
contig_20340,TIGR03594
contig_447,TIGR03594
contig_27130,TIGR03594
contig_3493,TIGR03594
contig_21442,TIGR03594
contig_15640,TIGR03594
contig_10516,TIGR03594
contig_3411,TIGR03594
contig_36,TIGR03594
contig_14882,TIGR03594
contig_1159,TIGR03594
contig_12929,TIGR03594
contig_23646,TIGR03594
contig_4637,TIGR03594
contig_9499,TIGR03594
contig_21394,TIGR03594
contig_5398,TIGR03594
contig_17546,TIGR03594
contig_4608,TIGR03594
contig_5767,TIGR03594
contig_1697,TIGR03594
contig_21440,TIGR03594
contig_15317,TIGR03594
contig_18782,TIGR03594
